timestamp,step,metric,value
2025-09-14T03:58:58.590731,2048,total_loss/node_0_producer,26.350447427481413
2025-09-14T03:58:58.591002,2048,policy_loss/node_0_producer,-0.0021520817899727263
2025-09-14T03:58:58.591447,2048,value_loss/node_0_producer,52.73372465223074
2025-09-14T03:58:58.591516,2048,entropy/node_0_producer,1.4262849640101194
2025-09-14T03:58:58.591571,2048,approx_kl/node_0_producer,0.0065822386352525795
2025-09-14T03:58:58.591617,2048,clip_fraction/node_0_producer,0.069140625
2025-09-14T03:58:58.591660,2048,total_loss/node_1_producer,26.618047868832946
2025-09-14T03:58:58.591704,2048,policy_loss/node_1_producer,-0.0014043225164641626
2025-09-14T03:58:58.591776,2048,value_loss/node_1_producer,53.267616307735445
2025-09-14T03:58:58.591824,2048,entropy/node_1_producer,1.4355950936675073
2025-09-14T03:58:58.591860,2048,approx_kl/node_1_producer,0.0063524825866920764
2025-09-14T03:58:58.591895,2048,clip_fraction/node_1_producer,0.058984375
2025-09-14T03:58:58.591925,2048,total_loss/node_2_consumer,29.02042507715523
2025-09-14T03:58:58.591954,2048,policy_loss/node_2_consumer,-0.0014910005644196644
2025-09-14T03:58:58.591986,2048,value_loss/node_2_consumer,58.07247465103865
2025-09-14T03:58:58.592015,2048,entropy/node_2_consumer,1.432138416916132
2025-09-14T03:58:58.592046,2048,approx_kl/node_2_consumer,0.005776492604108796
2025-09-14T03:58:58.592080,2048,clip_fraction/node_2_consumer,0.04208984375
2025-09-14T03:58:58.592107,2048,total_loss/node_3_consumer,26.659621427580714
2025-09-14T03:58:58.592138,2048,policy_loss/node_3_consumer,-0.002345987153239548
2025-09-14T03:58:58.592165,2048,value_loss/node_3_consumer,53.35253647938371
2025-09-14T03:58:58.592196,2048,entropy/node_3_consumer,1.430096599832177
2025-09-14T03:58:58.592229,2048,approx_kl/node_3_consumer,0.006253708451741602
2025-09-14T03:58:58.592255,2048,clip_fraction/node_3_consumer,0.067138671875
2025-09-14T03:58:58.592280,2048,total_loss/node_4_consumer,38.055233591794966
2025-09-14T03:58:58.592306,2048,policy_loss/node_4_consumer,-0.001712789386510849
2025-09-14T03:58:58.592332,2048,value_loss/node_4_consumer,76.1425216563046
2025-09-14T03:58:58.592360,2048,entropy/node_4_consumer,1.4314289670437574
2025-09-14T03:58:58.592385,2048,approx_kl/node_4_consumer,0.005104006806126549
2025-09-14T03:58:58.592411,2048,clip_fraction/node_4_consumer,0.049267578125
2025-09-14T03:58:58.592436,2048,total_loss/node_5_business,25.6624373331666
2025-09-14T03:58:58.592461,2048,policy_loss/node_5_business,8.393433236051351e-05
2025-09-14T03:58:58.592488,2048,value_loss/node_5_business,51.353458151966336
2025-09-14T03:58:58.592513,2048,entropy/node_5_business,1.4375761743634938
2025-09-14T03:58:58.592538,2048,approx_kl/node_5_business,0.0022924747914537134
2025-09-14T03:58:58.592564,2048,clip_fraction/node_5_business,0.003515625
2025-09-14T03:58:58.592590,2048,total_loss/node_6_business,30.480131189711393
2025-09-14T03:58:58.592615,2048,policy_loss/node_6_business,-0.0011262945889029651
2025-09-14T03:58:58.592643,2048,value_loss/node_6_business,60.99134914800525
2025-09-14T03:58:58.592668,2048,entropy/node_6_business,1.4417177606374025
2025-09-14T03:58:58.592693,2048,approx_kl/node_6_business,0.005027201382834789
2025-09-14T03:58:58.592720,2048,clip_fraction/node_6_business,0.02265625
2025-09-14T03:58:58.592745,2048,total_loss/node_7_battery,22.496199745684862
2025-09-14T03:58:58.592771,2048,policy_loss/node_7_battery,-0.002270361151022371
2025-09-14T03:58:58.592796,2048,value_loss/node_7_battery,45.02561623752117
2025-09-14T03:58:58.592822,2048,entropy/node_7_battery,1.4337962750345468
2025-09-14T03:58:58.592847,2048,approx_kl/node_7_battery,0.006440192183975313
2025-09-14T03:58:58.592871,2048,clip_fraction/node_7_battery,0.0794921875
2025-09-14T03:58:58.592897,2048,total_loss/node_8_battery,32.72103763818741
2025-09-14T03:58:58.592922,2048,policy_loss/node_8_battery,-0.0016433972661616281
2025-09-14T03:58:58.592947,2048,value_loss/node_8_battery,65.47402446120978
2025-09-14T03:58:58.592972,2048,entropy/node_8_battery,1.4331058844923974
2025-09-14T03:58:58.593031,2048,approx_kl/node_8_battery,0.004326057411958573
2025-09-14T03:58:58.593060,2048,clip_fraction/node_8_battery,0.05087890625
2025-09-14T03:58:58.593088,2048,total_loss/node_9_producer,30.42092422172427
2025-09-14T03:58:58.593118,2048,policy_loss/node_9_producer,-0.0019366843334864825
2025-09-14T03:58:58.593157,2048,value_loss/node_9_producer,60.87420264482498
2025-09-14T03:58:58.593185,2048,entropy/node_9_producer,1.4240501467138529
2025-09-14T03:58:58.593214,2048,approx_kl/node_9_producer,0.005964686813524978
2025-09-14T03:58:58.593244,2048,clip_fraction/node_9_producer,0.07109375
2025-09-14T03:58:58.593272,2048,total_loss/node_10_consumer,27.05312355197966
2025-09-14T03:58:58.593300,2048,policy_loss/node_10_consumer,-0.0016657327068969607
2025-09-14T03:58:58.593328,2048,value_loss/node_10_consumer,54.138124636560676
2025-09-14T03:58:58.593357,2048,entropy/node_10_consumer,1.4273055266588925
2025-09-14T03:58:58.593385,2048,approx_kl/node_10_consumer,0.004686164211832633
2025-09-14T03:58:58.593412,2048,clip_fraction/node_10_consumer,0.052197265625
2025-09-14T03:58:58.593440,2048,total_loss/node_11_business,28.055920050293206
2025-09-14T03:58:58.593468,2048,policy_loss/node_11_business,-0.005779699777485802
2025-09-14T03:58:58.593495,2048,value_loss/node_11_business,56.15193990841508
2025-09-14T03:58:58.593524,2048,entropy/node_11_business,1.4270243603736161
2025-09-14T03:58:58.593551,2048,approx_kl/node_11_business,0.009076910425092777
2025-09-14T03:58:58.593579,2048,clip_fraction/node_11_business,0.13603515625
2025-09-14T03:58:58.593607,2048,total_loss/node_12_battery,24.75406081415713
2025-09-14T03:58:58.593635,2048,policy_loss/node_12_battery,-0.0011224438261706383
2025-09-14T03:58:58.593662,2048,value_loss/node_12_battery,49.53902221024036
2025-09-14T03:58:58.593691,2048,entropy/node_12_battery,1.432773632928729
2025-09-14T03:58:58.593722,2048,approx_kl/node_12_battery,0.004583414982752387
2025-09-14T03:58:58.593751,2048,clip_fraction/node_12_battery,0.020068359375
2025-09-14T03:58:58.593778,2048,total_loss/node_13_consumer,26.928258319199085
2025-09-14T03:58:58.593806,2048,policy_loss/node_13_consumer,-0.0014621685200836509
2025-09-14T03:58:58.593837,2048,value_loss/node_13_consumer,53.88792140930891
2025-09-14T03:58:58.593865,2048,entropy/node_13_consumer,1.4240428630262614
2025-09-14T03:58:58.593895,2048,approx_kl/node_13_consumer,0.0062341502366084715
2025-09-14T03:58:58.593922,2048,clip_fraction/node_13_consumer,0.051123046875
2025-09-14T03:58:58.593951,2048,episode,1
2025-09-14T03:59:07.941498,4096,total_loss/node_0_producer,13.474104842543602
2025-09-14T03:59:07.941693,4096,policy_loss/node_0_producer,-0.0025088549766223876
2025-09-14T03:59:07.941842,4096,value_loss/node_0_producer,26.982160241901873
2025-09-14T03:59:07.941963,4096,entropy/node_0_producer,1.4466451454907656
2025-09-14T03:59:07.942017,4096,approx_kl/node_0_producer,0.0045051260793798065
2025-09-14T03:59:07.942065,4096,clip_fraction/node_0_producer,0.03935546875
2025-09-14T03:59:07.942120,4096,total_loss/node_1_producer,14.120612529665232
2025-09-14T03:59:07.942159,4096,policy_loss/node_1_producer,-0.003330999916943256
2025-09-14T03:59:07.942226,4096,value_loss/node_1_producer,28.277107994258404
2025-09-14T03:59:07.942292,4096,entropy/node_1_producer,1.4610551837831736
2025-09-14T03:59:07.942360,4096,approx_kl/node_1_producer,0.006282116698946539
2025-09-14T03:59:07.942405,4096,clip_fraction/node_1_producer,0.05771484375
2025-09-14T03:59:07.942469,4096,total_loss/node_2_consumer,13.668761716037988
2025-09-14T03:59:07.942540,4096,policy_loss/node_2_consumer,-0.003357015474466607
2025-09-14T03:59:07.942577,4096,value_loss/node_2_consumer,27.373360745608807
2025-09-14T03:59:07.942640,4096,entropy/node_2_consumer,1.4561628062278031
2025-09-14T03:59:07.942682,4096,approx_kl/node_2_consumer,0.0058468506515055195
2025-09-14T03:59:07.942750,4096,clip_fraction/node_2_consumer,0.05390625
2025-09-14T03:59:07.942792,4096,total_loss/node_3_consumer,15.918791076540947
2025-09-14T03:59:07.942863,4096,policy_loss/node_3_consumer,-0.000524728634627536
2025-09-14T03:59:07.942905,4096,value_loss/node_3_consumer,31.867665818333627
2025-09-14T03:59:07.942973,4096,entropy/node_3_consumer,1.4517109788954259
2025-09-14T03:59:07.943040,4096,approx_kl/node_3_consumer,0.0034434303344824
2025-09-14T03:59:07.943107,4096,clip_fraction/node_3_consumer,0.017236328125
2025-09-14T03:59:07.943165,4096,total_loss/node_4_consumer,16.07888344153762
2025-09-14T03:59:07.943240,4096,policy_loss/node_4_consumer,-0.0016634902560326737
2025-09-14T03:59:07.943315,4096,value_loss/node_4_consumer,32.19036023765803
2025-09-14T03:59:07.943363,4096,entropy/node_4_consumer,1.4633107252418995
2025-09-14T03:59:07.943403,4096,approx_kl/node_4_consumer,0.004830552401699606
2025-09-14T03:59:07.943441,4096,clip_fraction/node_4_consumer,0.049658203125
2025-09-14T03:59:07.943481,4096,total_loss/node_5_business,13.090716103091836
2025-09-14T03:59:07.943515,4096,policy_loss/node_5_business,-0.0029169416622607967
2025-09-14T03:59:07.943550,4096,value_loss/node_5_business,26.216567031294108
2025-09-14T03:59:07.943583,4096,entropy/node_5_business,1.4650479588657617
2025-09-14T03:59:07.943617,4096,approx_kl/node_5_business,0.005918089865372167
2025-09-14T03:59:07.943650,4096,clip_fraction/node_5_business,0.054296875
2025-09-14T03:59:07.943686,4096,total_loss/node_6_business,13.407048082351684
2025-09-14T03:59:07.943720,4096,policy_loss/node_6_business,-0.0016661226327414624
2025-09-14T03:59:07.943755,4096,value_loss/node_6_business,26.84698383808136
2025-09-14T03:59:07.943788,4096,entropy/node_6_business,1.4777682408690453
2025-09-14T03:59:07.943821,4096,approx_kl/node_6_business,0.0039306261387082484
2025-09-14T03:59:07.943853,4096,clip_fraction/node_6_business,0.04150390625
2025-09-14T03:59:07.943885,4096,total_loss/node_7_battery,12.757748917862774
2025-09-14T03:59:07.943917,4096,policy_loss/node_7_battery,-0.0028179887944133953
2025-09-14T03:59:07.943950,4096,value_loss/node_7_battery,25.5502843439579
2025-09-14T03:59:07.943983,4096,entropy/node_7_battery,1.4575262159109115
2025-09-14T03:59:07.944013,4096,approx_kl/node_7_battery,0.0034284474847027014
2025-09-14T03:59:07.944044,4096,clip_fraction/node_7_battery,0.028857421875
2025-09-14T03:59:07.944075,4096,total_loss/node_8_battery,15.123169531673193
2025-09-14T03:59:07.944106,4096,policy_loss/node_8_battery,-0.0011556933503015898
2025-09-14T03:59:07.944136,4096,value_loss/node_8_battery,30.277897909283638
2025-09-14T03:59:07.944167,4096,entropy/node_8_battery,1.4623669829219579
2025-09-14T03:59:07.944204,4096,approx_kl/node_8_battery,0.0029677574968445695
2025-09-14T03:59:07.944235,4096,clip_fraction/node_8_battery,0.020166015625
2025-09-14T03:59:07.944271,4096,total_loss/node_9_producer,14.629842188209295
2025-09-14T03:59:07.944304,4096,policy_loss/node_9_producer,-0.0014341969799716026
2025-09-14T03:59:07.944338,4096,value_loss/node_9_producer,29.291297300159933
2025-09-14T03:59:07.944372,4096,entropy/node_9_producer,1.437222186103463
2025-09-14T03:59:07.944402,4096,approx_kl/node_9_producer,0.002883757435802181
2025-09-14T03:59:07.944432,4096,clip_fraction/node_9_producer,0.02275390625
2025-09-14T03:59:07.944465,4096,total_loss/node_10_consumer,13.574391800910234
2025-09-14T03:59:07.944496,4096,policy_loss/node_10_consumer,-0.004170926913502626
2025-09-14T03:59:07.944527,4096,value_loss/node_10_consumer,27.186084795743227
2025-09-14T03:59:07.944558,4096,entropy/node_10_consumer,1.4479568850249052
2025-09-14T03:59:07.944592,4096,approx_kl/node_10_consumer,0.006354122930224549
2025-09-14T03:59:07.944621,4096,clip_fraction/node_10_consumer,0.063916015625
2025-09-14T03:59:07.944655,4096,total_loss/node_11_business,12.921138141304255
2025-09-14T03:59:07.944684,4096,policy_loss/node_11_business,-0.0026671429237467236
2025-09-14T03:59:07.944717,4096,value_loss/node_11_business,25.876527358591556
2025-09-14T03:59:07.944746,4096,entropy/node_11_business,1.4458411075174809
2025-09-14T03:59:07.944776,4096,approx_kl/node_11_business,0.004996113289803361
2025-09-14T03:59:07.944832,4096,clip_fraction/node_11_business,0.03896484375
2025-09-14T03:59:07.944865,4096,total_loss/node_12_battery,13.657783154398203
2025-09-14T03:59:07.944898,4096,policy_loss/node_12_battery,-0.003292587437317707
2025-09-14T03:59:07.944931,4096,value_loss/node_12_battery,27.351320201158522
2025-09-14T03:59:07.944966,4096,entropy/node_12_battery,1.4584307920187711
2025-09-14T03:59:07.945000,4096,approx_kl/node_12_battery,0.00267560220949008
2025-09-14T03:59:07.945032,4096,clip_fraction/node_12_battery,0.02119140625
2025-09-14T03:59:07.945067,4096,total_loss/node_13_consumer,14.579255036264659
2025-09-14T03:59:07.945098,4096,policy_loss/node_13_consumer,-0.0019141667609801516
2025-09-14T03:59:07.945165,4096,value_loss/node_13_consumer,29.19111580401659
2025-09-14T03:59:07.945248,4096,entropy/node_13_consumer,1.438873453810811
2025-09-14T03:59:07.945295,4096,approx_kl/node_13_consumer,0.004653476417115598
2025-09-14T03:59:07.945336,4096,clip_fraction/node_13_consumer,0.03955078125
2025-09-14T03:59:07.945377,4096,episode,2
2025-09-14T03:59:17.051417,6144,total_loss/node_0_producer,12.18620914593339
2025-09-14T03:59:17.051616,6144,policy_loss/node_0_producer,-0.005944459766033106
2025-09-14T03:59:17.051764,6144,value_loss/node_0_producer,24.413725253939628
2025-09-14T03:59:17.051882,6144,entropy/node_0_producer,1.4708984732627868
2025-09-14T03:59:17.051938,6144,approx_kl/node_0_producer,0.006482740765113704
2025-09-14T03:59:17.051998,6144,clip_fraction/node_0_producer,0.084521484375
2025-09-14T03:59:17.052046,6144,total_loss/node_1_producer,12.337495969235897
2025-09-14T03:59:17.052148,6144,policy_loss/node_1_producer,-0.004569531537708826
2025-09-14T03:59:17.052197,6144,value_loss/node_1_producer,24.713571213185787
2025-09-14T03:59:17.052245,6144,entropy/node_1_producer,1.472014521807432
2025-09-14T03:59:17.052347,6144,approx_kl/node_1_producer,0.0052550702745065795
2025-09-14T03:59:17.052393,6144,clip_fraction/node_1_producer,0.06123046875
2025-09-14T03:59:17.052495,6144,total_loss/node_2_consumer,12.056773712486029
2025-09-14T03:59:17.052547,6144,policy_loss/node_2_consumer,-0.002531862401519902
2025-09-14T03:59:17.052641,6144,value_loss/node_2_consumer,24.14804276973009
2025-09-14T03:59:17.052684,6144,entropy/node_2_consumer,1.4715849909931422
2025-09-14T03:59:17.052721,6144,approx_kl/node_2_consumer,0.004041580417606383
2025-09-14T03:59:17.052762,6144,clip_fraction/node_2_consumer,0.036669921875
2025-09-14T03:59:17.052803,6144,total_loss/node_3_consumer,15.240762507915496
2025-09-14T03:59:17.052838,6144,policy_loss/node_3_consumer,-0.005233348460751586
2025-09-14T03:59:17.052873,6144,value_loss/node_3_consumer,30.521302692592144
2025-09-14T03:59:17.052911,6144,entropy/node_3_consumer,1.465549223124981
2025-09-14T03:59:17.052946,6144,approx_kl/node_3_consumer,0.0072374886760371735
2025-09-14T03:59:17.052980,6144,clip_fraction/node_3_consumer,0.08544921875
2025-09-14T03:59:17.053016,6144,total_loss/node_4_consumer,15.632640393078328
2025-09-14T03:59:17.053050,6144,policy_loss/node_4_consumer,-0.0036549879849189894
2025-09-14T03:59:17.053084,6144,value_loss/node_4_consumer,31.302229928970338
2025-09-14T03:59:17.053118,6144,entropy/node_4_consumer,1.4819604340940713
2025-09-14T03:59:17.053159,6144,approx_kl/node_4_consumer,0.006830352573564369
2025-09-14T03:59:17.053198,6144,clip_fraction/node_4_consumer,0.099755859375
2025-09-14T03:59:17.053232,6144,total_loss/node_5_business,12.994433010369539
2025-09-14T03:59:17.053266,6144,policy_loss/node_5_business,-0.006721210843534209
2025-09-14T03:59:17.053299,6144,value_loss/node_5_business,26.031821289658545
2025-09-14T03:59:17.053332,6144,entropy/node_5_business,1.4756402954459191
2025-09-14T03:59:17.053369,6144,approx_kl/node_5_business,0.007427447762938755
2025-09-14T03:59:17.053405,6144,clip_fraction/node_5_business,0.098388671875
2025-09-14T03:59:17.053439,6144,total_loss/node_6_business,12.418602681159973
2025-09-14T03:59:17.053473,6144,policy_loss/node_6_business,0.0001909370272187516
2025-09-14T03:59:17.053563,6144,value_loss/node_6_business,24.866628147661686
2025-09-14T03:59:17.053590,6144,entropy/node_6_business,1.4902299996465445
2025-09-14T03:59:17.053616,6144,approx_kl/node_6_business,0.00021275262070048485
2025-09-14T03:59:17.053642,6144,clip_fraction/node_6_business,0.0
2025-09-14T03:59:17.053667,6144,total_loss/node_7_battery,12.471986085921525
2025-09-14T03:59:17.053693,6144,policy_loss/node_7_battery,-0.0047918011478031985
2025-09-14T03:59:17.053718,6144,value_loss/node_7_battery,24.98298306018114
2025-09-14T03:59:17.053744,6144,entropy/node_7_battery,1.471364837512374
2025-09-14T03:59:17.053769,6144,approx_kl/node_7_battery,0.007373543636094837
2025-09-14T03:59:17.053795,6144,clip_fraction/node_7_battery,0.09423828125
2025-09-14T03:59:17.053823,6144,total_loss/node_8_battery,13.638207066059113
2025-09-14T03:59:17.053848,6144,policy_loss/node_8_battery,-0.0072890779410954565
2025-09-14T03:59:17.053874,6144,value_loss/node_8_battery,27.320638620853423
2025-09-14T03:59:17.053898,6144,entropy/node_8_battery,1.4823140524327756
2025-09-14T03:59:17.053924,6144,approx_kl/node_8_battery,0.00658655762545095
2025-09-14T03:59:17.053949,6144,clip_fraction/node_8_battery,0.084326171875
2025-09-14T03:59:17.053974,6144,total_loss/node_9_producer,13.892638521641492
2025-09-14T03:59:17.054007,6144,policy_loss/node_9_producer,-0.0029623112670378758
2025-09-14T03:59:17.054035,6144,value_loss/node_9_producer,27.82026874423027
2025-09-14T03:59:17.054062,6144,entropy/node_9_producer,1.4533483248203993
2025-09-14T03:59:17.054087,6144,approx_kl/node_9_producer,0.006333704457756539
2025-09-14T03:59:17.054115,6144,clip_fraction/node_9_producer,0.075048828125
2025-09-14T03:59:17.054140,6144,total_loss/node_10_consumer,11.686510062962771
2025-09-14T03:59:17.054168,6144,policy_loss/node_10_consumer,-0.0054434263991424816
2025-09-14T03:59:17.054192,6144,value_loss/node_10_consumer,23.413335305452346
2025-09-14T03:59:17.054218,6144,entropy/node_10_consumer,1.4714095775038003
2025-09-14T03:59:17.054242,6144,approx_kl/node_10_consumer,0.009792625559839507
2025-09-14T03:59:17.054270,6144,clip_fraction/node_10_consumer,0.137353515625
2025-09-14T03:59:17.054295,6144,total_loss/node_11_business,12.59261888191104
2025-09-14T03:59:17.054322,6144,policy_loss/node_11_business,-0.006714061534148641
2025-09-14T03:59:17.054347,6144,value_loss/node_11_business,25.227866756916047
2025-09-14T03:59:17.054371,6144,entropy/node_11_business,1.4600467719137669
2025-09-14T03:59:17.054397,6144,approx_kl/node_11_business,0.00526070062751387
2025-09-14T03:59:17.054423,6144,clip_fraction/node_11_business,0.06279296875
2025-09-14T03:59:17.054450,6144,total_loss/node_12_battery,12.405311781167985
2025-09-14T03:59:17.054474,6144,policy_loss/node_12_battery,-0.005420156999025494
2025-09-14T03:59:17.054499,6144,value_loss/node_12_battery,24.851007755100728
2025-09-14T03:59:17.054531,6144,entropy/node_12_battery,1.4771925710141658
2025-09-14T03:59:17.054556,6144,approx_kl/node_12_battery,0.009035459025926684
2025-09-14T03:59:17.054586,6144,clip_fraction/node_12_battery,0.12119140625
2025-09-14T03:59:17.054611,6144,total_loss/node_13_consumer,14.19844904243946
2025-09-14T03:59:17.054640,6144,policy_loss/node_13_consumer,-0.004920473200036213
2025-09-14T03:59:17.054665,6144,value_loss/node_13_consumer,28.43572069555521
2025-09-14T03:59:17.054691,6144,entropy/node_13_consumer,1.4490856602787971
2025-09-14T03:59:17.054717,6144,approx_kl/node_13_consumer,0.006017107915204179
2025-09-14T03:59:17.054743,6144,clip_fraction/node_13_consumer,0.06552734375
2025-09-14T03:59:17.054768,6144,episode,3
2025-09-14T03:59:26.030325,8192,total_loss/node_0_producer,11.181784799695015
2025-09-14T03:59:26.030504,8192,policy_loss/node_0_producer,-0.008047333941794932
2025-09-14T03:59:26.030558,8192,value_loss/node_0_producer,22.409435337781908
2025-09-14T03:59:26.030599,8192,entropy/node_0_producer,1.4885534964501859
2025-09-14T03:59:26.030647,8192,approx_kl/node_0_producer,0.006525504849014397
2025-09-14T03:59:26.030751,8192,clip_fraction/node_0_producer,0.08779296875
2025-09-14T03:59:26.030826,8192,total_loss/node_1_producer,11.364434680715203
2025-09-14T03:59:26.030873,8192,policy_loss/node_1_producer,-0.007456581725273281
2025-09-14T03:59:26.030915,8192,value_loss/node_1_producer,22.77356389462948
2025-09-14T03:59:26.030954,8192,entropy/node_1_producer,1.4890719749033452
2025-09-14T03:59:26.030993,8192,approx_kl/node_1_producer,0.005114018653694074
2025-09-14T03:59:26.031028,8192,clip_fraction/node_1_producer,0.065283203125
2025-09-14T03:59:26.031095,8192,total_loss/node_2_consumer,11.468322414159775
2025-09-14T03:59:26.031141,8192,policy_loss/node_2_consumer,-0.008455998235149309
2025-09-14T03:59:26.031180,8192,value_loss/node_2_consumer,22.983371356129645
2025-09-14T03:59:26.031218,8192,entropy/node_2_consumer,1.4907245483249425
2025-09-14T03:59:26.031256,8192,approx_kl/node_2_consumer,0.004019380173212994
2025-09-14T03:59:26.031299,8192,clip_fraction/node_2_consumer,0.04423828125
2025-09-14T03:59:26.031336,8192,total_loss/node_3_consumer,14.815630549192429
2025-09-14T03:59:26.031374,8192,policy_loss/node_3_consumer,-0.0064170549187110735
2025-09-14T03:59:26.031414,8192,value_loss/node_3_consumer,29.67377708107233
2025-09-14T03:59:26.031508,8192,entropy/node_3_consumer,1.4840953815728426
2025-09-14T03:59:26.031549,8192,approx_kl/node_3_consumer,0.0065186099252969145
2025-09-14T03:59:26.031587,8192,clip_fraction/node_3_consumer,0.08681640625
2025-09-14T03:59:26.031626,8192,total_loss/node_4_consumer,15.24032409414649
2025-09-14T03:59:26.031664,8192,policy_loss/node_4_consumer,-0.0011951357169891707
2025-09-14T03:59:26.031717,8192,value_loss/node_4_consumer,30.512941271066666
2025-09-14T03:59:26.031780,8192,entropy/node_4_consumer,1.4951378982514143
2025-09-14T03:59:26.031843,8192,approx_kl/node_4_consumer,0.003917887442685242
2025-09-14T03:59:26.031887,8192,clip_fraction/node_4_consumer,0.02421875
2025-09-14T03:59:26.031921,8192,total_loss/node_5_business,12.28629820421338
2025-09-14T03:59:26.031981,8192,policy_loss/node_5_business,-0.009463750384747982
2025-09-14T03:59:26.032021,8192,value_loss/node_5_business,24.62130869925022
2025-09-14T03:59:26.032059,8192,entropy/node_5_business,1.4892413396388293
2025-09-14T03:59:26.032097,8192,approx_kl/node_5_business,0.0042248794784882195
2025-09-14T03:59:26.032140,8192,clip_fraction/node_5_business,0.051123046875
2025-09-14T03:59:26.032178,8192,total_loss/node_6_business,11.910159995406866
2025-09-14T03:59:26.032217,8192,policy_loss/node_6_business,-0.0024705340183572844
2025-09-14T03:59:26.032255,8192,value_loss/node_6_business,23.855198845267296
2025-09-14T03:59:26.032313,8192,entropy/node_6_business,1.496894170716405
2025-09-14T03:59:26.032376,8192,approx_kl/node_6_business,0.005992120571568194
2025-09-14T03:59:26.032416,8192,clip_fraction/node_6_business,0.060595703125
2025-09-14T03:59:26.032460,8192,total_loss/node_7_battery,12.356011196225882
2025-09-14T03:59:26.032498,8192,policy_loss/node_7_battery,-0.0076766249811043965
2025-09-14T03:59:26.032538,8192,value_loss/node_7_battery,24.757130578160286
2025-09-14T03:59:26.032579,8192,entropy/node_7_battery,1.4877480331808328
2025-09-14T03:59:26.032618,8192,approx_kl/node_7_battery,0.0057971905069280185
2025-09-14T03:59:26.032657,8192,clip_fraction/node_7_battery,0.073681640625
2025-09-14T03:59:26.032702,8192,total_loss/node_8_battery,13.484908385574817
2025-09-14T03:59:26.032740,8192,policy_loss/node_8_battery,-0.0086197135533439
2025-09-14T03:59:26.032836,8192,value_loss/node_8_battery,27.017104835808276
2025-09-14T03:59:26.032871,8192,entropy/node_8_battery,1.5024336636066438
2025-09-14T03:59:26.032961,8192,approx_kl/node_8_battery,0.005630402427232184
2025-09-14T03:59:26.033025,8192,clip_fraction/node_8_battery,0.0703125
2025-09-14T03:59:26.033064,8192,total_loss/node_9_producer,13.090618969500065
2025-09-14T03:59:26.033103,8192,policy_loss/node_9_producer,-0.007825913940905593
2025-09-14T03:59:26.033141,8192,value_loss/node_9_producer,26.226391151547432
2025-09-14T03:59:26.033199,8192,entropy/node_9_producer,1.4750750128179788
2025-09-14T03:59:26.033273,8192,approx_kl/node_9_producer,0.006404749647845165
2025-09-14T03:59:26.033318,8192,clip_fraction/node_9_producer,0.085595703125
2025-09-14T03:59:26.033429,8192,total_loss/node_10_consumer,11.8363421946764
2025-09-14T03:59:26.033504,8192,policy_loss/node_10_consumer,-0.007666322143631987
2025-09-14T03:59:26.033554,8192,value_loss/node_10_consumer,23.71781731247902
2025-09-14T03:59:26.033599,8192,entropy/node_10_consumer,1.4900136500597
2025-09-14T03:59:26.033647,8192,approx_kl/node_10_consumer,0.0056452286069543335
2025-09-14T03:59:26.033693,8192,clip_fraction/node_10_consumer,0.073876953125
2025-09-14T03:59:26.033759,8192,total_loss/node_11_business,13.086437785625458
2025-09-14T03:59:26.033808,8192,policy_loss/node_11_business,-0.005940507134073414
2025-09-14T03:59:26.033847,8192,value_loss/node_11_business,26.214302898943423
2025-09-14T03:59:26.033906,8192,entropy/node_11_business,1.4773154519498348
2025-09-14T03:59:26.033952,8192,approx_kl/node_11_business,0.0037027364719506295
2025-09-14T03:59:26.034016,8192,clip_fraction/node_11_business,0.038232421875
2025-09-14T03:59:26.034080,8192,total_loss/node_12_battery,11.698669326305389
2025-09-14T03:59:26.034153,8192,policy_loss/node_12_battery,-0.006837473397899885
2025-09-14T03:59:26.034210,8192,value_loss/node_12_battery,23.44099674075842
2025-09-14T03:59:26.034268,8192,entropy/node_12_battery,1.499158250540495
2025-09-14T03:59:26.034328,8192,approx_kl/node_12_battery,0.006065957238206465
2025-09-14T03:59:26.034375,8192,clip_fraction/node_12_battery,0.078515625
2025-09-14T03:59:26.034409,8192,total_loss/node_13_consumer,14.372489601373672
2025-09-14T03:59:26.034443,8192,policy_loss/node_13_consumer,-0.006769062482635491
2025-09-14T03:59:26.034476,8192,value_loss/node_13_consumer,28.787684780359267
2025-09-14T03:59:26.034508,8192,entropy/node_13_consumer,1.4583633113652468
2025-09-14T03:59:26.034541,8192,approx_kl/node_13_consumer,0.004824615396228182
2025-09-14T03:59:26.034573,8192,clip_fraction/node_13_consumer,0.05947265625
2025-09-14T03:59:26.034606,8192,episode,4
2025-09-14T03:59:34.911328,10240,total_loss/node_0_producer,11.684110451489687
2025-09-14T03:59:34.911529,10240,policy_loss/node_0_producer,-0.004140383598860353
2025-09-14T03:59:34.911580,10240,value_loss/node_0_producer,23.406630094349385
2025-09-14T03:59:34.911625,10240,entropy/node_0_producer,1.50641936250031
2025-09-14T03:59:34.911668,10240,approx_kl/node_0_producer,0.002255528355090064
2025-09-14T03:59:34.911710,10240,clip_fraction/node_0_producer,0.01259765625
2025-09-14T03:59:34.911746,10240,total_loss/node_1_producer,11.572570012509823
2025-09-14T03:59:34.911781,10240,policy_loss/node_1_producer,-0.007481033104704693
2025-09-14T03:59:34.911816,10240,value_loss/node_1_producer,23.19026100486517
2025-09-14T03:59:34.911865,10240,entropy/node_1_producer,1.5079441394656896
2025-09-14T03:59:34.911927,10240,approx_kl/node_1_producer,0.003051890745973651
2025-09-14T03:59:34.911989,10240,clip_fraction/node_1_producer,0.02451171875
2025-09-14T03:59:34.912040,10240,total_loss/node_2_consumer,11.734759812802077
2025-09-14T03:59:34.912088,10240,policy_loss/node_2_consumer,-0.0076139088632771745
2025-09-14T03:59:34.912137,10240,value_loss/node_2_consumer,23.514965343475343
2025-09-14T03:59:34.912177,10240,entropy/node_2_consumer,1.5108909100294112
2025-09-14T03:59:34.912226,10240,approx_kl/node_2_consumer,0.002083047960195472
2025-09-14T03:59:34.912264,10240,clip_fraction/node_2_consumer,0.011474609375
2025-09-14T03:59:34.912305,10240,total_loss/node_3_consumer,13.869554338604212
2025-09-14T03:59:34.912341,10240,policy_loss/node_3_consumer,-0.008322077491902747
2025-09-14T03:59:34.912389,10240,value_loss/node_3_consumer,27.78581622391939
2025-09-14T03:59:34.912427,10240,entropy/node_3_consumer,1.5031705427914859
2025-09-14T03:59:34.912461,10240,approx_kl/node_3_consumer,0.00463742940883094
2025-09-14T03:59:34.912496,10240,clip_fraction/node_3_consumer,0.057080078125
2025-09-14T03:59:34.912533,10240,total_loss/node_4_consumer,14.902016206085682
2025-09-14T03:59:34.912601,10240,policy_loss/node_4_consumer,-0.0048955760983517395
2025-09-14T03:59:34.912636,10240,value_loss/node_4_consumer,29.843994441628457
2025-09-14T03:59:34.912683,10240,entropy/node_4_consumer,1.5085482805967332
2025-09-14T03:59:34.912720,10240,approx_kl/node_4_consumer,0.003799833422226584
2025-09-14T03:59:34.912759,10240,clip_fraction/node_4_consumer,0.034912109375
2025-09-14T03:59:34.912795,10240,total_loss/node_5_business,11.96748978048563
2025-09-14T03:59:34.912842,10240,policy_loss/node_5_business,-0.008216283592628316
2025-09-14T03:59:34.912891,10240,value_loss/node_5_business,23.981421154737472
2025-09-14T03:59:34.912928,10240,entropy/node_5_business,1.5004511941224337
2025-09-14T03:59:34.912964,10240,approx_kl/node_5_business,0.0016850185677867557
2025-09-14T03:59:34.913001,10240,clip_fraction/node_5_business,0.008203125
2025-09-14T03:59:34.913038,10240,total_loss/node_6_business,11.813900390267372
2025-09-14T03:59:34.913083,10240,policy_loss/node_6_business,-0.0002664948086021468
2025-09-14T03:59:34.913119,10240,value_loss/node_6_business,23.658452312648297
2025-09-14T03:59:34.913156,10240,entropy/node_6_business,1.505922944098711
2025-09-14T03:59:34.913192,10240,approx_kl/node_6_business,0.000393340227265071
2025-09-14T03:59:34.913229,10240,clip_fraction/node_6_business,9.765625e-05
2025-09-14T03:59:34.913265,10240,total_loss/node_7_battery,12.687095732986927
2025-09-14T03:59:34.913314,10240,policy_loss/node_7_battery,-0.007544078653154429
2025-09-14T03:59:34.913356,10240,value_loss/node_7_battery,25.419340100884437
2025-09-14T03:59:34.913392,10240,entropy/node_7_battery,1.5030221309512855
2025-09-14T03:59:34.913440,10240,approx_kl/node_7_battery,0.004135040770415798
2025-09-14T03:59:34.913486,10240,clip_fraction/node_7_battery,0.04599609375
2025-09-14T03:59:34.913534,10240,total_loss/node_8_battery,13.30824310183525
2025-09-14T03:59:34.913569,10240,policy_loss/node_8_battery,-0.004303835585596971
2025-09-14T03:59:34.913604,10240,value_loss/node_8_battery,26.65545248091221
2025-09-14T03:59:34.913638,10240,entropy/node_8_battery,1.5179296500980854
2025-09-14T03:59:34.913673,10240,approx_kl/node_8_battery,0.0020938511170243146
2025-09-14T03:59:34.913710,10240,clip_fraction/node_8_battery,0.0181640625
2025-09-14T03:59:34.913745,10240,total_loss/node_9_producer,13.19492052346468
2025-09-14T03:59:34.913781,10240,policy_loss/node_9_producer,-0.006570607100729831
2025-09-14T03:59:34.913817,10240,value_loss/node_9_producer,26.43287681788206
2025-09-14T03:59:34.913849,10240,entropy/node_9_producer,1.4947284914553165
2025-09-14T03:59:34.913896,10240,approx_kl/node_9_producer,0.004727762079710374
2025-09-14T03:59:34.913942,10240,clip_fraction/node_9_producer,0.05458984375
2025-09-14T03:59:34.913976,10240,total_loss/node_10_consumer,12.18590523302555
2025-09-14T03:59:34.914011,10240,policy_loss/node_10_consumer,-0.007786300659063272
2025-09-14T03:59:34.914045,10240,value_loss/node_10_consumer,24.417486935853958
2025-09-14T03:59:34.914080,10240,entropy/node_10_consumer,1.505194779112935
2025-09-14T03:59:34.914116,10240,approx_kl/node_10_consumer,0.0031230671752382477
2025-09-14T03:59:34.914151,10240,clip_fraction/node_10_consumer,0.029443359375
2025-09-14T03:59:34.914187,10240,total_loss/node_11_business,12.475252444297075
2025-09-14T03:59:34.914222,10240,policy_loss/node_11_business,-0.005233983707148582
2025-09-14T03:59:34.914261,10240,value_loss/node_11_business,24.99086264371872
2025-09-14T03:59:34.914299,10240,entropy/node_11_business,1.4944903291761875
2025-09-14T03:59:34.914342,10240,approx_kl/node_11_business,0.0015658784471270337
2025-09-14T03:59:34.914383,10240,clip_fraction/node_11_business,0.009619140625
2025-09-14T03:59:34.914422,10240,total_loss/node_12_battery,12.352445017546415
2025-09-14T03:59:34.914457,10240,policy_loss/node_12_battery,-0.006161893194075674
2025-09-14T03:59:34.914500,10240,value_loss/node_12_battery,24.747587321698667
2025-09-14T03:59:34.914534,10240,entropy/node_12_battery,1.5186761919409038
2025-09-14T03:59:34.914630,10240,approx_kl/node_12_battery,0.002718236205782887
2025-09-14T03:59:34.914662,10240,clip_fraction/node_12_battery,0.0228515625
2025-09-14T03:59:34.914693,10240,total_loss/node_13_consumer,13.865709094703197
2025-09-14T03:59:34.914721,10240,policy_loss/node_13_consumer,-0.008581987785873935
2025-09-14T03:59:34.914746,10240,value_loss/node_13_consumer,27.77803070247173
2025-09-14T03:59:34.914777,10240,entropy/node_13_consumer,1.4724279902875423
2025-09-14T03:59:34.914809,10240,approx_kl/node_13_consumer,0.002536622170055125
2025-09-14T03:59:34.914835,10240,clip_fraction/node_13_consumer,0.018994140625
2025-09-14T03:59:34.914866,10240,episode,5
2025-09-14T03:59:44.131853,12288,total_loss/node_0_producer,12.922807250916957
2025-09-14T03:59:44.132055,12288,policy_loss/node_0_producer,-0.003503578121308237
2025-09-14T03:59:44.132216,12288,value_loss/node_0_producer,25.88286110162735
2025-09-14T03:59:44.132263,12288,entropy/node_0_producer,1.5119737815111876
2025-09-14T03:59:44.132298,12288,approx_kl/node_0_producer,0.000570905531549215
2025-09-14T03:59:44.132374,12288,clip_fraction/node_0_producer,0.0015625
2025-09-14T03:59:44.132484,12288,total_loss/node_1_producer,12.793182672560215
2025-09-14T03:59:44.132525,12288,policy_loss/node_1_producer,-0.002367390245490242
2025-09-14T03:59:44.132559,12288,value_loss/node_1_producer,25.621586295962334
2025-09-14T03:59:44.132592,12288,entropy/node_1_producer,1.5243054311722517
2025-09-14T03:59:44.132674,12288,approx_kl/node_1_producer,0.0008114241906923781
2025-09-14T03:59:44.132726,12288,clip_fraction/node_1_producer,0.00703125
2025-09-14T03:59:44.132855,12288,total_loss/node_2_consumer,13.17712956815958
2025-09-14T03:59:44.132918,12288,policy_loss/node_2_consumer,-0.0024111048638587817
2025-09-14T03:59:44.132958,12288,value_loss/node_2_consumer,26.38950717151165
2025-09-14T03:59:44.132999,12288,entropy/node_2_consumer,1.5212860457599162
2025-09-14T03:59:44.133036,12288,approx_kl/node_2_consumer,0.0007990108524609241
2025-09-14T03:59:44.133070,12288,clip_fraction/node_2_consumer,0.006005859375
2025-09-14T03:59:44.133101,12288,total_loss/node_3_consumer,13.884644783288241
2025-09-14T03:59:44.133133,12288,policy_loss/node_3_consumer,-0.0030170351936249064
2025-09-14T03:59:44.133164,12288,value_loss/node_3_consumer,27.80561896711588
2025-09-14T03:59:44.133194,12288,entropy/node_3_consumer,1.5147678408771754
2025-09-14T03:59:44.133225,12288,approx_kl/node_3_consumer,0.0008205675074805186
2025-09-14T03:59:44.133256,12288,clip_fraction/node_3_consumer,0.00595703125
2025-09-14T03:59:44.133287,12288,total_loss/node_4_consumer,15.853447379171849
2025-09-14T03:59:44.133316,12288,policy_loss/node_4_consumer,-0.0074981247977120805
2025-09-14T03:59:44.133345,12288,value_loss/node_4_consumer,31.752316030859948
2025-09-14T03:59:44.133374,12288,entropy/node_4_consumer,1.5212521705776454
2025-09-14T03:59:44.133401,12288,approx_kl/node_4_consumer,0.0063966744803110485
2025-09-14T03:59:44.133430,12288,clip_fraction/node_4_consumer,0.0875
2025-09-14T03:59:44.133459,12288,total_loss/node_5_business,12.72488587796688
2025-09-14T03:59:44.133486,12288,policy_loss/node_5_business,-0.002397225916502066
2025-09-14T03:59:44.133515,12288,value_loss/node_5_business,25.48464088588953
2025-09-14T03:59:44.133543,12288,entropy/node_5_business,1.5037324596196413
2025-09-14T03:59:44.133571,12288,approx_kl/node_5_business,0.000887040267662087
2025-09-14T03:59:44.133599,12288,clip_fraction/node_5_business,0.0076171875
2025-09-14T03:59:44.133626,12288,total_loss/node_6_business,12.782731893658639
2025-09-14T03:59:44.133654,12288,policy_loss/node_6_business,-0.002373743169300724
2025-09-14T03:59:44.133681,12288,value_loss/node_6_business,25.600516885519028
2025-09-14T03:59:44.133709,12288,entropy/node_6_business,1.5152786903083324
2025-09-14T03:59:44.133737,12288,approx_kl/node_6_business,0.004393440282683514
2025-09-14T03:59:44.133765,12288,clip_fraction/node_6_business,0.036572265625
2025-09-14T03:59:44.133792,12288,total_loss/node_7_battery,13.493730679899453
2025-09-14T03:59:44.133857,12288,policy_loss/node_7_battery,-0.0017940842139068992
2025-09-14T03:59:44.133890,12288,value_loss/node_7_battery,27.0212146833539
2025-09-14T03:59:44.133922,12288,entropy/node_7_battery,1.5082512013614178
2025-09-14T03:59:44.133954,12288,approx_kl/node_7_battery,0.0008276034407572296
2025-09-14T03:59:44.133985,12288,clip_fraction/node_7_battery,0.0068359375
2025-09-14T03:59:44.134018,12288,total_loss/node_8_battery,13.797790180891752
2025-09-14T03:59:44.134050,12288,policy_loss/node_8_battery,-0.003948497795499861
2025-09-14T03:59:44.134093,12288,value_loss/node_8_battery,27.63403314501047
2025-09-14T03:59:44.134124,12288,entropy/node_8_battery,1.5277854975312948
2025-09-14T03:59:44.134192,12288,approx_kl/node_8_battery,0.0009355617669143612
2025-09-14T03:59:44.134259,12288,clip_fraction/node_8_battery,0.01103515625
2025-09-14T03:59:44.134300,12288,total_loss/node_9_producer,13.922572842985392
2025-09-14T03:59:44.134336,12288,policy_loss/node_9_producer,-0.003764521807897836
2025-09-14T03:59:44.134369,12288,value_loss/node_9_producer,27.882774269580842
2025-09-14T03:59:44.134401,12288,entropy/node_9_producer,1.5049776226282119
2025-09-14T03:59:44.134435,12288,approx_kl/node_9_producer,0.0011372851997748512
2025-09-14T03:59:44.134467,12288,clip_fraction/node_9_producer,0.010107421875
2025-09-14T03:59:44.134498,12288,total_loss/node_10_consumer,13.55265403315425
2025-09-14T03:59:44.134528,12288,policy_loss/node_10_consumer,-0.0015314998017856851
2025-09-14T03:59:44.134559,12288,value_loss/node_10_consumer,27.138600598275662
2025-09-14T03:59:44.134588,12288,entropy/node_10_consumer,1.5114789210259914
2025-09-14T03:59:44.134617,12288,approx_kl/node_10_consumer,0.0009625697092133124
2025-09-14T03:59:44.134645,12288,clip_fraction/node_10_consumer,0.01044921875
2025-09-14T03:59:44.134675,12288,total_loss/node_11_business,13.243887505680323
2025-09-14T03:59:44.134703,12288,policy_loss/node_11_business,-0.0011171254474902526
2025-09-14T03:59:44.134732,12288,value_loss/node_11_business,26.520110346376896
2025-09-14T03:59:44.134761,12288,entropy/node_11_business,1.5050512693822384
2025-09-14T03:59:44.134789,12288,approx_kl/node_11_business,0.0007980650787658306
2025-09-14T03:59:44.134822,12288,clip_fraction/node_11_business,0.0080078125
2025-09-14T03:59:44.134851,12288,total_loss/node_12_battery,13.838603427261114
2025-09-14T03:59:44.134882,12288,policy_loss/node_12_battery,-0.005007726122858003
2025-09-14T03:59:44.134918,12288,value_loss/node_12_battery,27.71773608326912
2025-09-14T03:59:44.134947,12288,entropy/node_12_battery,1.525684916600585
2025-09-14T03:59:44.134979,12288,approx_kl/node_12_battery,0.0011879790862167282
2025-09-14T03:59:44.135011,12288,clip_fraction/node_12_battery,0.01318359375
2025-09-14T03:59:44.135043,12288,total_loss/node_13_consumer,14.95163356512785
2025-09-14T03:59:44.135084,12288,policy_loss/node_13_consumer,-0.006508349985233508
2025-09-14T03:59:44.135112,12288,value_loss/node_13_consumer,29.945965659618377
2025-09-14T03:59:44.135145,12288,entropy/node_13_consumer,1.484094062075019
2025-09-14T03:59:44.135173,12288,approx_kl/node_13_consumer,0.0009098810108753242
2025-09-14T03:59:44.135204,12288,clip_fraction/node_13_consumer,0.005908203125
2025-09-14T03:59:44.135255,12288,episode,6
2025-09-14T03:59:53.317920,14336,total_loss/node_0_producer,13.968729092925788
2025-09-14T03:59:53.318190,14336,policy_loss/node_0_producer,-0.003850764880189672
2025-09-14T03:59:53.318629,14336,value_loss/node_0_producer,27.975429686903954
2025-09-14T03:59:53.318698,14336,entropy/node_0_producer,1.513504233956337
2025-09-14T03:59:53.318746,14336,approx_kl/node_0_producer,0.0009324632096877394
2025-09-14T03:59:53.318790,14336,clip_fraction/node_0_producer,0.01044921875
2025-09-14T03:59:53.318874,14336,total_loss/node_1_producer,13.676208562403918
2025-09-14T03:59:53.318940,14336,policy_loss/node_1_producer,-0.002877838129643351
2025-09-14T03:59:53.318984,14336,value_loss/node_1_producer,27.388969483971596
2025-09-14T03:59:53.319078,14336,entropy/node_1_producer,1.5398321460932494
2025-09-14T03:59:53.319139,14336,approx_kl/node_1_producer,0.0008344135623815418
2025-09-14T03:59:53.319286,14336,clip_fraction/node_1_producer,0.008544921875
2025-09-14T03:59:53.319541,14336,total_loss/node_2_consumer,14.135267283767462
2025-09-14T03:59:53.319605,14336,policy_loss/node_2_consumer,-0.002971370433806442
2025-09-14T03:59:53.319644,14336,value_loss/node_2_consumer,28.30695978552103
2025-09-14T03:59:53.319681,14336,entropy/node_2_consumer,1.5241212982684373
2025-09-14T03:59:53.319717,14336,approx_kl/node_2_consumer,0.0008594605761118145
2025-09-14T03:59:53.319757,14336,clip_fraction/node_2_consumer,0.0087890625
2025-09-14T03:59:53.319794,14336,total_loss/node_3_consumer,15.01342007815838
2025-09-14T03:59:53.319827,14336,policy_loss/node_3_consumer,-0.0007347355305682868
2025-09-14T03:59:53.319861,14336,value_loss/node_3_consumer,30.058688706159593
2025-09-14T03:59:53.319893,14336,entropy/node_3_consumer,1.5189536441117526
2025-09-14T03:59:53.319925,14336,approx_kl/node_3_consumer,0.0007319076259591384
2025-09-14T03:59:53.319956,14336,clip_fraction/node_3_consumer,0.005810546875
2025-09-14T03:59:53.319988,14336,total_loss/node_4_consumer,15.901076273620129
2025-09-14T03:59:53.320020,14336,policy_loss/node_4_consumer,-0.005936218646820634
2025-09-14T03:59:53.320052,14336,value_loss/node_4_consumer,31.844823610782623
2025-09-14T03:59:53.320084,14336,entropy/node_4_consumer,1.5399278096854687
2025-09-14T03:59:53.320117,14336,approx_kl/node_4_consumer,0.0013134717334196467
2025-09-14T03:59:53.320148,14336,clip_fraction/node_4_consumer,0.00791015625
2025-09-14T03:59:53.320180,14336,total_loss/node_5_business,13.945866776257754
2025-09-14T03:59:53.320214,14336,policy_loss/node_5_business,-0.0026404292439110577
2025-09-14T03:59:53.320245,14336,value_loss/node_5_business,27.92721534669399
2025-09-14T03:59:53.320275,14336,entropy/node_5_business,1.5100472837686538
2025-09-14T03:59:53.320306,14336,approx_kl/node_5_business,0.001029691868819782
2025-09-14T03:59:53.320338,14336,clip_fraction/node_5_business,0.0107421875
2025-09-14T03:59:53.320369,14336,total_loss/node_6_business,13.811430697888136
2025-09-14T03:59:53.320404,14336,policy_loss/node_6_business,-0.0058368214900838215
2025-09-14T03:59:53.320532,14336,value_loss/node_6_business,27.665060803294182
2025-09-14T03:59:53.320608,14336,entropy/node_6_business,1.5262911628931761
2025-09-14T03:59:53.320658,14336,approx_kl/node_6_business,0.005898373160289338
2025-09-14T03:59:53.320700,14336,clip_fraction/node_6_business,0.074169921875
2025-09-14T03:59:53.320742,14336,total_loss/node_7_battery,14.43329165354371
2025-09-14T03:59:53.320784,14336,policy_loss/node_7_battery,0.00016097141997306608
2025-09-14T03:59:53.320826,14336,value_loss/node_7_battery,28.89648765772581
2025-09-14T03:59:53.320866,14336,entropy/node_7_battery,1.5113050691783427
2025-09-14T03:59:53.320906,14336,approx_kl/node_7_battery,0.0007324273001586334
2025-09-14T03:59:53.320944,14336,clip_fraction/node_7_battery,0.006201171875
2025-09-14T03:59:53.320982,14336,total_loss/node_8_battery,15.11523310393095
2025-09-14T03:59:53.321020,14336,policy_loss/node_8_battery,-0.0021912484269705603
2025-09-14T03:59:53.321057,14336,value_loss/node_8_battery,30.265535989403723
2025-09-14T03:59:53.321094,14336,entropy/node_8_battery,1.5343618221580981
2025-09-14T03:59:53.321131,14336,approx_kl/node_8_battery,0.0009859014414814737
2025-09-14T03:59:53.321169,14336,clip_fraction/node_8_battery,0.010693359375
2025-09-14T03:59:53.321206,14336,total_loss/node_9_producer,14.909195553511381
2025-09-14T03:59:53.321239,14336,policy_loss/node_9_producer,-0.004270336052286439
2025-09-14T03:59:53.321310,14336,value_loss/node_9_producer,29.857094737887383
2025-09-14T03:59:53.321389,14336,entropy/node_9_producer,1.5081429444253445
2025-09-14T03:59:53.321431,14336,approx_kl/node_9_producer,0.0011453583927959698
2025-09-14T03:59:53.321469,14336,clip_fraction/node_9_producer,0.01015625
2025-09-14T03:59:53.321536,14336,total_loss/node_10_consumer,14.955973418802023
2025-09-14T03:59:53.321576,14336,policy_loss/node_10_consumer,-1.8401103443466126e-05
2025-09-14T03:59:53.321617,14336,value_loss/node_10_consumer,29.942258647084238
2025-09-14T03:59:53.321651,14336,entropy/node_10_consumer,1.5137485157698394
2025-09-14T03:59:53.321686,14336,approx_kl/node_10_consumer,0.000816531163820855
2025-09-14T03:59:53.321721,14336,clip_fraction/node_10_consumer,0.0068359375
2025-09-14T03:59:53.321755,14336,total_loss/node_11_business,14.513720882683993
2025-09-14T03:59:53.321788,14336,policy_loss/node_11_business,-0.002361800330254482
2025-09-14T03:59:53.321821,14336,value_loss/node_11_business,29.062503856420516
2025-09-14T03:59:53.321854,14336,entropy/node_11_business,1.5169222824275495
2025-09-14T03:59:53.321888,14336,approx_kl/node_11_business,0.0008046115192883007
2025-09-14T03:59:53.321921,14336,clip_fraction/node_11_business,0.00791015625
2025-09-14T03:59:53.321954,14336,total_loss/node_12_battery,14.965313462913036
2025-09-14T03:59:53.321988,14336,policy_loss/node_12_battery,-0.0022626247751759364
2025-09-14T03:59:53.322024,14336,value_loss/node_12_battery,29.96563616245985
2025-09-14T03:59:53.322060,14336,entropy/node_12_battery,1.5241986129432916
2025-09-14T03:59:53.322094,14336,approx_kl/node_12_battery,0.0008709722501862415
2025-09-14T03:59:53.322129,14336,clip_fraction/node_12_battery,0.007568359375
2025-09-14T03:59:53.322161,14336,total_loss/node_13_consumer,15.47690910473466
2025-09-14T03:59:53.322193,14336,policy_loss/node_13_consumer,-0.0031858768925303593
2025-09-14T03:59:53.322225,14336,value_loss/node_13_consumer,30.98993873745203
2025-09-14T03:59:53.322256,14336,entropy/node_13_consumer,1.4874402407556773
2025-09-14T03:59:53.322287,14336,approx_kl/node_13_consumer,0.0007644309956504003
2025-09-14T03:59:53.322317,14336,clip_fraction/node_13_consumer,0.007177734375
2025-09-14T03:59:53.322350,14336,episode,7
2025-09-14T04:00:02.374058,16384,total_loss/node_0_producer,15.316484352201224
2025-09-14T04:00:02.374327,16384,policy_loss/node_0_producer,-0.0024160979097359813
2025-09-14T04:00:02.374836,16384,value_loss/node_0_producer,30.668163876235486
2025-09-14T04:00:02.374947,16384,entropy/node_0_producer,1.5181473191827535
2025-09-14T04:00:02.375055,16384,approx_kl/node_0_producer,0.0007900838641717201
2025-09-14T04:00:02.375165,16384,clip_fraction/node_0_producer,0.008056640625
2025-09-14T04:00:02.375221,16384,total_loss/node_1_producer,14.787021976709365
2025-09-14T04:00:02.375320,16384,policy_loss/node_1_producer,-0.0015315039054257795
2025-09-14T04:00:02.375418,16384,value_loss/node_1_producer,29.608021248877048
2025-09-14T04:00:02.375539,16384,entropy/node_1_producer,1.5457205075770617
2025-09-14T04:00:02.375683,16384,approx_kl/node_1_producer,0.0006782932228134086
2025-09-14T04:00:02.375743,16384,clip_fraction/node_1_producer,0.0056640625
2025-09-14T04:00:02.375849,16384,total_loss/node_2_consumer,14.98608912974596
2025-09-14T04:00:02.375952,16384,policy_loss/node_2_consumer,-0.0016412485420005396
2025-09-14T04:00:02.376031,16384,value_loss/node_2_consumer,30.006005631387232
2025-09-14T04:00:02.376099,16384,entropy/node_2_consumer,1.5272464465349913
2025-09-14T04:00:02.376178,16384,approx_kl/node_2_consumer,0.0007725183157162973
2025-09-14T04:00:02.376237,16384,clip_fraction/node_2_consumer,0.006494140625
2025-09-14T04:00:02.376311,16384,total_loss/node_3_consumer,15.960863593220711
2025-09-14T04:00:02.376382,16384,policy_loss/node_3_consumer,-0.0029279509413754567
2025-09-14T04:00:02.376487,16384,value_loss/node_3_consumer,31.95808560103178
2025-09-14T04:00:02.376590,16384,entropy/node_3_consumer,1.525128484144807
2025-09-14T04:00:02.376648,16384,approx_kl/node_3_consumer,0.0010193973503646702
2025-09-14T04:00:02.376710,16384,clip_fraction/node_3_consumer,0.01044921875
2025-09-14T04:00:02.376785,16384,total_loss/node_4_consumer,16.920057974755764
2025-09-14T04:00:02.376873,16384,policy_loss/node_4_consumer,-0.003337966901017353
2025-09-14T04:00:02.376988,16384,value_loss/node_4_consumer,33.87796361148357
2025-09-14T04:00:02.377137,16384,entropy/node_4_consumer,1.5585820846259595
2025-09-14T04:00:02.377166,16384,approx_kl/node_4_consumer,0.000776382582489532
2025-09-14T04:00:02.377197,16384,clip_fraction/node_4_consumer,0.003515625
2025-09-14T04:00:02.377228,16384,total_loss/node_5_business,14.67678225338459
2025-09-14T04:00:02.377281,16384,policy_loss/node_5_business,-0.002454817862599157
2025-09-14T04:00:02.377327,16384,value_loss/node_5_business,29.388756461441517
2025-09-14T04:00:02.377363,16384,entropy/node_5_business,1.5141223661601544
2025-09-14T04:00:02.377395,16384,approx_kl/node_5_business,0.001114432324493464
2025-09-14T04:00:02.377426,16384,clip_fraction/node_5_business,0.014501953125
2025-09-14T04:00:02.377456,16384,total_loss/node_6_business,15.164560587704182
2025-09-14T04:00:02.377486,16384,policy_loss/node_6_business,-0.004827015963383019
2025-09-14T04:00:02.377515,16384,value_loss/node_6_business,30.36957191079855
2025-09-14T04:00:02.377550,16384,entropy/node_6_business,1.5398363623768092
2025-09-14T04:00:02.377577,16384,approx_kl/node_6_business,0.0037975205934799305
2025-09-14T04:00:02.377604,16384,clip_fraction/node_6_business,0.042041015625
2025-09-14T04:00:02.377631,16384,total_loss/node_7_battery,16.032573676854373
2025-09-14T04:00:02.377657,16384,policy_loss/node_7_battery,-0.0015210190002107992
2025-09-14T04:00:02.377683,16384,value_loss/node_7_battery,32.098570288717745
2025-09-14T04:00:02.377709,16384,entropy/node_7_battery,1.5190491337329148
2025-09-14T04:00:02.377735,16384,approx_kl/node_7_battery,0.0007226272299703851
2025-09-14T04:00:02.377761,16384,clip_fraction/node_7_battery,0.00634765625
2025-09-14T04:00:02.377787,16384,total_loss/node_8_battery,16.082610265910624
2025-09-14T04:00:02.377813,16384,policy_loss/node_8_battery,-0.002210532718163449
2025-09-14T04:00:02.377839,16384,value_loss/node_8_battery,32.20051613301039
2025-09-14T04:00:02.377868,16384,entropy/node_8_battery,1.5437281526625157
2025-09-14T04:00:02.377896,16384,approx_kl/node_8_battery,0.0010434989690111252
2025-09-14T04:00:02.377922,16384,clip_fraction/node_8_battery,0.011767578125
2025-09-14T04:00:02.377950,16384,total_loss/node_9_producer,16.087628886848687
2025-09-14T04:00:02.377977,16384,policy_loss/node_9_producer,-0.002382476144703105
2025-09-14T04:00:02.378005,16384,value_loss/node_9_producer,32.2103208258748
2025-09-14T04:00:02.378030,16384,entropy/node_9_producer,1.514909790456295
2025-09-14T04:00:02.378059,16384,approx_kl/node_9_producer,0.0010394896454727133
2025-09-14T04:00:02.378084,16384,clip_fraction/node_9_producer,0.00986328125
2025-09-14T04:00:02.378110,16384,total_loss/node_10_consumer,15.872769452631474
2025-09-14T04:00:02.378135,16384,policy_loss/node_10_consumer,-0.0025619620966608634
2025-09-14T04:00:02.378159,16384,value_loss/node_10_consumer,31.78105821609497
2025-09-14T04:00:02.378187,16384,entropy/node_10_consumer,1.51976200863719
2025-09-14T04:00:02.378215,16384,approx_kl/node_10_consumer,0.0009474582021312017
2025-09-14T04:00:02.378240,16384,clip_fraction/node_10_consumer,0.010693359375
2025-09-14T04:00:02.378264,16384,total_loss/node_11_business,15.365575252473354
2025-09-14T04:00:02.378289,16384,policy_loss/node_11_business,-0.002050461928592995
2025-09-14T04:00:02.378313,16384,value_loss/node_11_business,30.765755952894686
2025-09-14T04:00:02.378341,16384,entropy/node_11_business,1.5252247963100671
2025-09-14T04:00:02.378365,16384,approx_kl/node_11_business,0.000946607903210861
2025-09-14T04:00:02.378392,16384,clip_fraction/node_11_business,0.00908203125
2025-09-14T04:00:02.378417,16384,total_loss/node_12_battery,16.309390126913787
2025-09-14T04:00:02.378445,16384,policy_loss/node_12_battery,-0.003242798848077655
2025-09-14T04:00:02.378469,16384,value_loss/node_12_battery,32.65581104159355
2025-09-14T04:00:02.378494,16384,entropy/node_12_battery,1.527267562225461
2025-09-14T04:00:02.378521,16384,approx_kl/node_12_battery,0.0014452110727688704
2025-09-14T04:00:02.378546,16384,clip_fraction/node_12_battery,0.017138671875
2025-09-14T04:00:02.378601,16384,total_loss/node_13_consumer,16.579648845642804
2025-09-14T04:00:02.378630,16384,policy_loss/node_13_consumer,-0.001984541441197507
2025-09-14T04:00:02.378697,16384,value_loss/node_13_consumer,33.193066503107545
2025-09-14T04:00:02.378763,16384,entropy/node_13_consumer,1.489988285303116
2025-09-14T04:00:02.378802,16384,approx_kl/node_13_consumer,0.0006514142765809084
2025-09-14T04:00:02.378838,16384,clip_fraction/node_13_consumer,0.006103515625
2025-09-14T04:00:02.378888,16384,episode,8
2025-09-14T04:00:11.404794,18432,total_loss/node_0_producer,16.065144569426774
2025-09-14T04:00:11.405049,18432,policy_loss/node_0_producer,-0.0008618408377515152
2025-09-14T04:00:11.405535,18432,value_loss/node_0_producer,32.16250493973494
2025-09-14T04:00:11.405643,18432,entropy/node_0_producer,1.5246097061783075
2025-09-14T04:00:11.405691,18432,approx_kl/node_0_producer,0.0005946306458554318
2025-09-14T04:00:11.405735,18432,clip_fraction/node_0_producer,0.0052734375
2025-09-14T04:00:11.405785,18432,total_loss/node_1_producer,15.962372866272926
2025-09-14T04:00:11.405822,18432,policy_loss/node_1_producer,-0.001958078285679221
2025-09-14T04:00:11.405864,18432,value_loss/node_1_producer,31.95972743704915
2025-09-14T04:00:11.405899,18432,entropy/node_1_producer,1.55327340438962
2025-09-14T04:00:11.405938,18432,approx_kl/node_1_producer,0.0007991509313796996
2025-09-14T04:00:11.406010,18432,clip_fraction/node_1_producer,0.00693359375
2025-09-14T04:00:11.406056,18432,total_loss/node_2_consumer,15.800568521767854
2025-09-14T04:00:11.406095,18432,policy_loss/node_2_consumer,-0.0014695327467052267
2025-09-14T04:00:11.406134,18432,value_loss/node_2_consumer,31.63487190902233
2025-09-14T04:00:11.406172,18432,entropy/node_2_consumer,1.5397854473441839
2025-09-14T04:00:11.406246,18432,approx_kl/node_2_consumer,0.0007339336649238249
2025-09-14T04:00:11.406286,18432,clip_fraction/node_2_consumer,0.00400390625
2025-09-14T04:00:11.406359,18432,total_loss/node_3_consumer,16.83639403358102
2025-09-14T04:00:11.406423,18432,policy_loss/node_3_consumer,-0.0022885077123646624
2025-09-14T04:00:11.406491,18432,value_loss/node_3_consumer,33.708251883089545
2025-09-14T04:00:11.406529,18432,entropy/node_3_consumer,1.5443393673747778
2025-09-14T04:00:11.406572,18432,approx_kl/node_3_consumer,0.0009038805998443422
2025-09-14T04:00:11.406607,18432,clip_fraction/node_3_consumer,0.006884765625
2025-09-14T04:00:11.406644,18432,total_loss/node_4_consumer,17.736801166832446
2025-09-14T04:00:11.406679,18432,policy_loss/node_4_consumer,-0.0027882084221346306
2025-09-14T04:00:11.406719,18432,value_loss/node_4_consumer,35.51045027375221
2025-09-14T04:00:11.406750,18432,entropy/node_4_consumer,1.5635804586112498
2025-09-14T04:00:11.406782,18432,approx_kl/node_4_consumer,0.0005948115427599987
2025-09-14T04:00:11.406815,18432,clip_fraction/node_4_consumer,0.00322265625
2025-09-14T04:00:11.406845,18432,total_loss/node_5_business,15.722231671214104
2025-09-14T04:00:11.406871,18432,policy_loss/node_5_business,-0.0025660761020844802
2025-09-14T04:00:11.406900,18432,value_loss/node_5_business,31.480103923380376
2025-09-14T04:00:11.406930,18432,entropy/node_5_business,1.525421892851591
2025-09-14T04:00:11.406959,18432,approx_kl/node_5_business,0.001128617010954258
2025-09-14T04:00:11.406990,18432,clip_fraction/node_5_business,0.008740234375
2025-09-14T04:00:11.407022,18432,total_loss/node_6_business,16.102868122607468
2025-09-14T04:00:11.407056,18432,policy_loss/node_6_business,-0.003979918124969117
2025-09-14T04:00:11.407089,18432,value_loss/node_6_business,32.24467865526676
2025-09-14T04:00:11.407117,18432,entropy/node_6_business,1.5491313014179469
2025-09-14T04:00:11.407149,18432,approx_kl/node_6_business,0.0020765173489508014
2025-09-14T04:00:11.407181,18432,clip_fraction/node_6_business,0.012646484375
2025-09-14T04:00:11.407217,18432,total_loss/node_7_battery,16.486346508562566
2025-09-14T04:00:11.407245,18432,policy_loss/node_7_battery,-0.0016233255199040286
2025-09-14T04:00:11.407326,18432,value_loss/node_7_battery,33.006468270719054
2025-09-14T04:00:11.407361,18432,entropy/node_7_battery,1.5264374282211066
2025-09-14T04:00:11.407398,18432,approx_kl/node_7_battery,0.0007652296550759274
2025-09-14T04:00:11.407434,18432,clip_fraction/node_7_battery,0.00634765625
2025-09-14T04:00:11.407469,18432,total_loss/node_8_battery,17.344720977544785
2025-09-14T04:00:11.407502,18432,policy_loss/node_8_battery,-0.003431892840308137
2025-09-14T04:00:11.407538,18432,value_loss/node_8_battery,34.7273602321744
2025-09-14T04:00:11.407575,18432,entropy/node_8_battery,1.5527207296341659
2025-09-14T04:00:11.407616,18432,approx_kl/node_8_battery,0.0010161823403905146
2025-09-14T04:00:11.407647,18432,clip_fraction/node_8_battery,0.01142578125
2025-09-14T04:00:11.407686,18432,total_loss/node_9_producer,16.928914706408978
2025-09-14T04:00:11.407721,18432,policy_loss/node_9_producer,-0.002849650106509216
2025-09-14T04:00:11.407759,18432,value_loss/node_9_producer,33.8939344137907
2025-09-14T04:00:11.407786,18432,entropy/node_9_producer,1.5202820096164942
2025-09-14T04:00:11.407818,18432,approx_kl/node_9_producer,0.0008105119369929525
2025-09-14T04:00:11.407855,18432,clip_fraction/node_9_producer,0.008740234375
2025-09-14T04:00:11.407893,18432,total_loss/node_10_consumer,16.28242800310254
2025-09-14T04:00:11.407924,18432,policy_loss/node_10_consumer,-0.002047562741790898
2025-09-14T04:00:11.407959,18432,value_loss/node_10_consumer,32.59957708418369
2025-09-14T04:00:11.407992,18432,entropy/node_10_consumer,1.5312942761927844
2025-09-14T04:00:11.408019,18432,approx_kl/node_10_consumer,0.001120183180864842
2025-09-14T04:00:11.408054,18432,clip_fraction/node_10_consumer,0.01123046875
2025-09-14T04:00:11.408102,18432,total_loss/node_11_business,16.789114163815974
2025-09-14T04:00:11.408138,18432,policy_loss/node_11_business,-0.0021875472593819723
2025-09-14T04:00:11.408175,18432,value_loss/node_11_business,33.6131798312068
2025-09-14T04:00:11.408205,18432,entropy/node_11_business,1.5288229089230299
2025-09-14T04:00:11.408244,18432,approx_kl/node_11_business,0.0009207669730130874
2025-09-14T04:00:11.408272,18432,clip_fraction/node_11_business,0.00859375
2025-09-14T04:00:11.408299,18432,total_loss/node_12_battery,17.140731566399335
2025-09-14T04:00:11.408333,18432,policy_loss/node_12_battery,-0.0017958195778192021
2025-09-14T04:00:11.408364,18432,value_loss/node_12_battery,34.31574031561613
2025-09-14T04:00:11.408400,18432,entropy/node_12_battery,1.5342738538980485
2025-09-14T04:00:11.408431,18432,approx_kl/node_12_battery,0.001072553337598947
2025-09-14T04:00:11.408473,18432,clip_fraction/node_12_battery,0.0107421875
2025-09-14T04:00:11.408501,18432,total_loss/node_13_consumer,17.284222561120988
2025-09-14T04:00:11.408529,18432,policy_loss/node_13_consumer,-0.0012269654966075906
2025-09-14T04:00:11.408557,18432,value_loss/node_13_consumer,34.60081043541432
2025-09-14T04:00:11.408587,18432,entropy/node_13_consumer,1.4955634273588658
2025-09-14T04:00:11.408615,18432,approx_kl/node_13_consumer,0.0007579422345770581
2025-09-14T04:00:11.408650,18432,clip_fraction/node_13_consumer,0.007275390625
2025-09-14T04:00:11.408681,18432,episode,9
2025-09-14T04:00:20.338023,20480,total_loss/node_0_producer,17.086039600521325
2025-09-14T04:00:20.338275,20480,policy_loss/node_0_producer,-0.0016257016206509434
2025-09-14T04:00:20.338729,20480,value_loss/node_0_producer,34.20598002523184
2025-09-14T04:00:20.338833,20480,entropy/node_0_producer,1.5324730798602104
2025-09-14T04:00:20.338884,20480,approx_kl/node_0_producer,0.0008351487131676549
2025-09-14T04:00:20.338929,20480,clip_fraction/node_0_producer,0.009375
2025-09-14T04:00:20.338972,20480,total_loss/node_1_producer,16.34315159805119
2025-09-14T04:00:20.339018,20480,policy_loss/node_1_producer,-0.0010859364207135513
2025-09-14T04:00:20.339067,20480,value_loss/node_1_producer,32.71977336332202
2025-09-14T04:00:20.339107,20480,entropy/node_1_producer,1.564919376000762
2025-09-14T04:00:20.339177,20480,approx_kl/node_1_producer,0.0005359380566460458
2025-09-14T04:00:20.339279,20480,clip_fraction/node_1_producer,0.00400390625
2025-09-14T04:00:20.339322,20480,total_loss/node_2_consumer,16.039934057742357
2025-09-14T04:00:20.339388,20480,policy_loss/node_2_consumer,-0.0016897679975954815
2025-09-14T04:00:20.339444,20480,value_loss/node_2_consumer,32.11431558430195
2025-09-14T04:00:20.339539,20480,entropy/node_2_consumer,1.5534059718251227
2025-09-14T04:00:20.339602,20480,approx_kl/node_2_consumer,0.0004516188837442314
2025-09-14T04:00:20.339684,20480,clip_fraction/node_2_consumer,0.001953125
2025-09-14T04:00:20.339759,20480,total_loss/node_3_consumer,17.306839488446712
2025-09-14T04:00:20.339809,20480,policy_loss/node_3_consumer,-0.00209402380278334
2025-09-14T04:00:20.339905,20480,value_loss/node_3_consumer,34.64930829107762
2025-09-14T04:00:20.339983,20480,entropy/node_3_consumer,1.5720664355903864
2025-09-14T04:00:20.340036,20480,approx_kl/node_3_consumer,0.0009825342160183937
2025-09-14T04:00:20.340085,20480,clip_fraction/node_3_consumer,0.0078125
2025-09-14T04:00:20.340166,20480,total_loss/node_4_consumer,18.146864303946494
2025-09-14T04:00:20.340244,20480,policy_loss/node_4_consumer,-0.0025358564031193963
2025-09-14T04:00:20.340313,20480,value_loss/node_4_consumer,36.33007073402405
2025-09-14T04:00:20.340376,20480,entropy/node_4_consumer,1.5635282922536136
2025-09-14T04:00:20.340412,20480,approx_kl/node_4_consumer,0.00086855813258353
2025-09-14T04:00:20.340448,20480,clip_fraction/node_4_consumer,0.00908203125
2025-09-14T04:00:20.340484,20480,total_loss/node_5_business,16.29069053083658
2025-09-14T04:00:20.340518,20480,policy_loss/node_5_business,-0.0012218765768921003
2025-09-14T04:00:20.340555,20480,value_loss/node_5_business,32.6145502820611
2025-09-14T04:00:20.340591,20480,entropy/node_5_business,1.5362786535173654
2025-09-14T04:00:20.340628,20480,approx_kl/node_5_business,0.0005227804714422746
2025-09-14T04:00:20.340665,20480,clip_fraction/node_5_business,0.004736328125
2025-09-14T04:00:20.340699,20480,total_loss/node_6_business,16.518859887868167
2025-09-14T04:00:20.340755,20480,policy_loss/node_6_business,-0.0023619394458364697
2025-09-14T04:00:20.340791,20480,value_loss/node_6_business,33.073541171848774
2025-09-14T04:00:20.340831,20480,entropy/node_6_business,1.5548765927553176
2025-09-14T04:00:20.340872,20480,approx_kl/node_6_business,0.0009164081069684471
2025-09-14T04:00:20.340906,20480,clip_fraction/node_6_business,0.00908203125
2025-09-14T04:00:20.340946,20480,total_loss/node_7_battery,17.050650805979966
2025-09-14T04:00:20.340984,20480,policy_loss/node_7_battery,-0.002588166904752143
2025-09-14T04:00:20.341022,20480,value_loss/node_7_battery,34.13736370950937
2025-09-14T04:00:20.341059,20480,entropy/node_7_battery,1.5442901588976383
2025-09-14T04:00:20.341101,20480,approx_kl/node_7_battery,0.0008965346979493916
2025-09-14T04:00:20.341144,20480,clip_fraction/node_7_battery,0.006689453125
2025-09-14T04:00:20.341183,20480,total_loss/node_8_battery,17.857561673223973
2025-09-14T04:00:20.341223,20480,policy_loss/node_8_battery,-0.002041409407684114
2025-09-14T04:00:20.341265,20480,value_loss/node_8_battery,35.750370137393475
2025-09-14T04:00:20.341301,20480,entropy/node_8_battery,1.5582061063498258
2025-09-14T04:00:20.341337,20480,approx_kl/node_8_battery,0.0008756632753375015
2025-09-14T04:00:20.341376,20480,clip_fraction/node_8_battery,0.00810546875
2025-09-14T04:00:20.341412,20480,total_loss/node_9_producer,17.21619737073779
2025-09-14T04:00:20.341450,20480,policy_loss/node_9_producer,-0.002512499489239417
2025-09-14T04:00:20.341487,20480,value_loss/node_9_producer,34.46790229827165
2025-09-14T04:00:20.341530,20480,entropy/node_9_producer,1.5241303250193596
2025-09-14T04:00:20.341570,20480,approx_kl/node_9_producer,0.0013944840181466134
2025-09-14T04:00:20.341605,20480,clip_fraction/node_9_producer,0.01279296875
2025-09-14T04:00:20.341647,20480,total_loss/node_10_consumer,16.986086974292995
2025-09-14T04:00:20.341684,20480,policy_loss/node_10_consumer,-0.001448747045651544
2025-09-14T04:00:20.341722,20480,value_loss/node_10_consumer,34.00594927966595
2025-09-14T04:00:20.341824,20480,entropy/node_10_consumer,1.5438930008560419
2025-09-14T04:00:20.341856,20480,approx_kl/node_10_consumer,0.0008695311053543264
2025-09-14T04:00:20.341882,20480,clip_fraction/node_10_consumer,0.006787109375
2025-09-14T04:00:20.341908,20480,total_loss/node_11_business,17.491352391988038
2025-09-14T04:00:20.341953,20480,policy_loss/node_11_business,-0.0017632461618632077
2025-09-14T04:00:20.341993,20480,value_loss/node_11_business,35.016896444559094
2025-09-14T04:00:20.342028,20480,entropy/node_11_business,1.5332527048885822
2025-09-14T04:00:20.342063,20480,approx_kl/node_11_business,0.0008422911980233039
2025-09-14T04:00:20.342092,20480,clip_fraction/node_11_business,0.007080078125
2025-09-14T04:00:20.342121,20480,total_loss/node_12_battery,17.247806470096112
2025-09-14T04:00:20.342163,20480,policy_loss/node_12_battery,-0.0010887252756219823
2025-09-14T04:00:20.342201,20480,value_loss/node_12_battery,34.528626072406766
2025-09-14T04:00:20.342231,20480,entropy/node_12_battery,1.5417795978486537
2025-09-14T04:00:20.342258,20480,approx_kl/node_12_battery,0.001085391439119121
2025-09-14T04:00:20.342286,20480,clip_fraction/node_12_battery,0.008984375
2025-09-14T04:00:20.342318,20480,total_loss/node_13_consumer,18.24304396957159
2025-09-14T04:00:20.342349,20480,policy_loss/node_13_consumer,-0.0018945420655654744
2025-09-14T04:00:20.342381,20480,value_loss/node_13_consumer,36.520045551657674
2025-09-14T04:00:20.342414,20480,entropy/node_13_consumer,1.5084234703332187
2025-09-14T04:00:20.342440,20480,approx_kl/node_13_consumer,0.0007426113936617185
2025-09-14T04:00:20.342468,20480,clip_fraction/node_13_consumer,0.006689453125
2025-09-14T04:00:23.622620,5,eval_reward/node_0_producer,-287.93990883955956
2025-09-14T04:00:23.622854,5,eval_reward/node_1_producer,-287.93938569078443
2025-09-14T04:00:23.623353,5,eval_reward/node_2_consumer,-287.9369023228645
2025-09-14T04:00:23.623449,5,eval_reward/node_3_consumer,-285.2301413998698
2025-09-14T04:00:23.623541,5,eval_reward/node_4_consumer,-287.9263032914161
2025-09-14T04:00:23.623588,5,eval_reward/node_5_business,-287.5134044893494
2025-09-14T04:00:23.623652,5,eval_reward/node_6_business,-287.4970160194149
2025-09-14T04:00:23.623694,5,eval_reward/node_7_battery,-284.31426795953416
2025-09-14T04:00:23.623736,5,eval_reward/node_8_battery,-288.0
2025-09-14T04:00:23.623823,5,eval_reward/node_9_producer,-287.9322670293808
2025-09-14T04:00:23.623913,5,eval_reward/node_10_consumer,-287.93793208727834
2025-09-14T04:00:23.624001,5,eval_reward/node_11_business,-286.6303404393524
2025-09-14T04:00:23.624088,5,eval_reward/node_12_battery,-284.2949143313756
2025-09-14T04:00:23.624184,5,eval_reward/node_13_consumer,-287.9393546844482
2025-09-14T04:00:23.644839,20480,episode,10
2025-09-14T04:00:32.735150,22528,total_loss/node_0_producer,17.617109709978102
2025-09-14T04:00:32.735377,22528,policy_loss/node_0_producer,-0.00247991077194456
2025-09-14T04:00:32.735809,22528,value_loss/node_0_producer,35.269971169531345
2025-09-14T04:00:32.735893,22528,entropy/node_0_producer,1.5395922906696797
2025-09-14T04:00:32.735935,22528,approx_kl/node_0_producer,0.001213852575438068
2025-09-14T04:00:32.736006,22528,clip_fraction/node_0_producer,0.010986328125
2025-09-14T04:00:32.736075,22528,total_loss/node_1_producer,17.013145251572134
2025-09-14T04:00:32.736145,22528,policy_loss/node_1_producer,-0.0009445231655263342
2025-09-14T04:00:32.736188,22528,value_loss/node_1_producer,34.059683439135554
2025-09-14T04:00:32.736253,22528,entropy/node_1_producer,1.5751956820487976
2025-09-14T04:00:32.736295,22528,approx_kl/node_1_producer,0.000492017945225598
2025-09-14T04:00:32.736361,22528,clip_fraction/node_1_producer,0.003271484375
2025-09-14T04:00:32.736428,22528,total_loss/node_2_consumer,17.18616713434458
2025-09-14T04:00:32.736503,22528,policy_loss/node_2_consumer,-0.001319511138717644
2025-09-14T04:00:32.736546,22528,value_loss/node_2_consumer,34.40623456388712
2025-09-14T04:00:32.736619,22528,entropy/node_2_consumer,1.563073280453682
2025-09-14T04:00:32.736654,22528,approx_kl/node_2_consumer,0.00047991524245389884
2025-09-14T04:00:32.736718,22528,clip_fraction/node_2_consumer,0.00341796875
2025-09-14T04:00:32.736790,22528,total_loss/node_3_consumer,18.009659902006387
2025-09-14T04:00:32.736833,22528,policy_loss/node_3_consumer,-0.0020135392893280367
2025-09-14T04:00:32.736879,22528,value_loss/node_3_consumer,36.055151142179966
2025-09-14T04:00:32.736955,22528,entropy/node_3_consumer,1.5902065493166446
2025-09-14T04:00:32.737021,22528,approx_kl/node_3_consumer,0.0008081702111212508
2025-09-14T04:00:32.737091,22528,clip_fraction/node_3_consumer,0.005712890625
2025-09-14T04:00:32.737169,22528,total_loss/node_4_consumer,18.447359779477118
2025-09-14T04:00:32.737209,22528,policy_loss/node_4_consumer,-0.002108813132508658
2025-09-14T04:00:32.737283,22528,value_loss/node_4_consumer,36.93030798435211
2025-09-14T04:00:32.737315,22528,entropy/node_4_consumer,1.5685462091118096
2025-09-14T04:00:32.737383,22528,approx_kl/node_4_consumer,0.0005745578493701941
2025-09-14T04:00:32.737452,22528,clip_fraction/node_4_consumer,0.00419921875
2025-09-14T04:00:32.737526,22528,total_loss/node_5_business,16.867662578076125
2025-09-14T04:00:32.737557,22528,policy_loss/node_5_business,-0.001224921183893457
2025-09-14T04:00:32.737625,22528,value_loss/node_5_business,33.76861818134785
2025-09-14T04:00:32.737693,22528,entropy/node_5_business,1.5421667259186507
2025-09-14T04:00:32.737766,22528,approx_kl/node_5_business,0.000652146676634402
2025-09-14T04:00:32.737797,22528,clip_fraction/node_5_business,0.003759765625
2025-09-14T04:00:32.737862,22528,total_loss/node_6_business,17.060189024358987
2025-09-14T04:00:32.737938,22528,policy_loss/node_6_business,-0.0017536625906359403
2025-09-14T04:00:32.737974,22528,value_loss/node_6_business,34.1552793443203
2025-09-14T04:00:32.738013,22528,entropy/node_6_business,1.5696968644857408
2025-09-14T04:00:32.738080,22528,approx_kl/node_6_business,0.0010046934763295213
2025-09-14T04:00:32.738123,22528,clip_fraction/node_6_business,0.008447265625
2025-09-14T04:00:32.738198,22528,total_loss/node_7_battery,17.66944078207016
2025-09-14T04:00:32.738229,22528,policy_loss/node_7_battery,-0.0010269033591612242
2025-09-14T04:00:32.738296,22528,value_loss/node_7_battery,35.3721657589078
2025-09-14T04:00:32.738364,22528,entropy/node_7_battery,1.5615205142647028
2025-09-14T04:00:32.738437,22528,approx_kl/node_7_battery,0.0006812969478232844
2025-09-14T04:00:32.738470,22528,clip_fraction/node_7_battery,0.0046875
2025-09-14T04:00:32.738538,22528,total_loss/node_8_battery,18.067138101160527
2025-09-14T04:00:32.738606,22528,policy_loss/node_8_battery,-0.0025293645478086544
2025-09-14T04:00:32.738679,22528,value_loss/node_8_battery,36.170669777691366
2025-09-14T04:00:32.738710,22528,entropy/node_8_battery,1.5667449794709682
2025-09-14T04:00:32.738777,22528,approx_kl/node_8_battery,0.0007325923013013381
2025-09-14T04:00:32.738849,22528,clip_fraction/node_8_battery,0.005322265625
2025-09-14T04:00:32.738907,22528,total_loss/node_9_producer,18.04827480763197
2025-09-14T04:00:32.738972,22528,policy_loss/node_9_producer,-0.0011756430350942538
2025-09-14T04:00:32.739036,22528,value_loss/node_9_producer,36.12958481758833
2025-09-14T04:00:32.739097,22528,entropy/node_9_producer,1.534196076542139
2025-09-14T04:00:32.739143,22528,approx_kl/node_9_producer,0.000987292706986409
2025-09-14T04:00:32.739213,22528,clip_fraction/node_9_producer,0.008740234375
2025-09-14T04:00:32.739278,22528,total_loss/node_10_consumer,17.369021340459586
2025-09-14T04:00:32.739318,22528,policy_loss/node_10_consumer,-0.0015853620949201285
2025-09-14T04:00:32.739355,22528,value_loss/node_10_consumer,34.77238068431616
2025-09-14T04:00:32.739391,22528,entropy/node_10_consumer,1.5583587847650051
2025-09-14T04:00:32.739424,22528,approx_kl/node_10_consumer,0.001067021040603322
2025-09-14T04:00:32.739455,22528,clip_fraction/node_10_consumer,0.008251953125
2025-09-14T04:00:32.739484,22528,total_loss/node_11_business,18.03681837543845
2025-09-14T04:00:32.739515,22528,policy_loss/node_11_business,-0.0017897382538649253
2025-09-14T04:00:32.739543,22528,value_loss/node_11_business,36.108013002574445
2025-09-14T04:00:32.739570,22528,entropy/node_11_business,1.5398454532027244
2025-09-14T04:00:32.739603,22528,approx_kl/node_11_business,0.0007858531773308642
2025-09-14T04:00:32.739630,22528,clip_fraction/node_11_business,0.004638671875
2025-09-14T04:00:32.739661,22528,total_loss/node_12_battery,17.421922794729472
2025-09-14T04:00:32.739687,22528,policy_loss/node_12_battery,-0.002858442837896291
2025-09-14T04:00:32.739719,22528,value_loss/node_12_battery,34.88071942925453
2025-09-14T04:00:32.739749,22528,entropy/node_12_battery,1.5578425351530314
2025-09-14T04:00:32.739779,22528,approx_kl/node_12_battery,0.0013601021280010173
2025-09-14T04:00:32.739808,22528,clip_fraction/node_12_battery,0.012646484375
2025-09-14T04:00:32.739836,22528,total_loss/node_13_consumer,18.117397440224885
2025-09-14T04:00:32.739861,22528,policy_loss/node_13_consumer,-0.0017196615226566792
2025-09-14T04:00:32.739887,22528,value_loss/node_13_consumer,36.26866305321455
2025-09-14T04:00:32.739911,22528,entropy/node_13_consumer,1.5214381758123636
2025-09-14T04:00:32.739937,22528,approx_kl/node_13_consumer,0.0007346595535864253
2025-09-14T04:00:32.739965,22528,clip_fraction/node_13_consumer,0.005908203125
2025-09-14T04:00:32.739993,22528,episode,11
2025-09-14T04:00:41.677286,24576,total_loss/node_0_producer,17.76727874279022
2025-09-14T04:00:41.677550,24576,policy_loss/node_0_producer,-0.0013717753972741775
2025-09-14T04:00:41.677995,24576,value_loss/node_0_producer,35.56824677139521
2025-09-14T04:00:41.678060,24576,entropy/node_0_producer,1.5472869634628297
2025-09-14T04:00:41.678107,24576,approx_kl/node_0_producer,0.0007832286422399193
2025-09-14T04:00:41.678151,24576,clip_fraction/node_0_producer,0.00673828125
2025-09-14T04:00:41.678186,24576,total_loss/node_1_producer,17.578929459303616
2025-09-14T04:00:41.678219,24576,policy_loss/node_1_producer,-0.0012134063872508705
2025-09-14T04:00:41.678257,24576,value_loss/node_1_producer,35.19205957651138
2025-09-14T04:00:41.678294,24576,entropy/node_1_producer,1.5886906731873751
2025-09-14T04:00:41.678375,24576,approx_kl/node_1_producer,0.001221259858789381
2025-09-14T04:00:41.678423,24576,clip_fraction/node_1_producer,0.007275390625
2025-09-14T04:00:41.678458,24576,total_loss/node_2_consumer,17.331771919131278
2025-09-14T04:00:41.678531,24576,policy_loss/node_2_consumer,-0.0016430407791631295
2025-09-14T04:00:41.678573,24576,value_loss/node_2_consumer,34.698236900568006
2025-09-14T04:00:41.678630,24576,entropy/node_2_consumer,1.5703519336879252
2025-09-14T04:00:41.678681,24576,approx_kl/node_2_consumer,0.0010121508282736613
2025-09-14T04:00:41.678724,24576,clip_fraction/node_2_consumer,0.0052734375
2025-09-14T04:00:41.678776,24576,total_loss/node_3_consumer,18.84638281017542
2025-09-14T04:00:41.678833,24576,policy_loss/node_3_consumer,-0.0019527555617969484
2025-09-14T04:00:41.678874,24576,value_loss/node_3_consumer,37.728796838223936
2025-09-14T04:00:41.678907,24576,entropy/node_3_consumer,1.606284648552537
2025-09-14T04:00:41.678942,24576,approx_kl/node_3_consumer,0.001226497533480142
2025-09-14T04:00:41.678994,24576,clip_fraction/node_3_consumer,0.009716796875
2025-09-14T04:00:41.679064,24576,total_loss/node_4_consumer,18.61255776062608
2025-09-14T04:00:41.679100,24576,policy_loss/node_4_consumer,-0.0023792697917087934
2025-09-14T04:00:41.679147,24576,value_loss/node_4_consumer,37.261476376652716
2025-09-14T04:00:41.679196,24576,entropy/node_4_consumer,1.5801241472363472
2025-09-14T04:00:41.679254,24576,approx_kl/node_4_consumer,0.0006765229872257805
2025-09-14T04:00:41.679286,24576,clip_fraction/node_4_consumer,0.00478515625
2025-09-14T04:00:41.679344,24576,total_loss/node_5_business,16.88830466233194
2025-09-14T04:00:41.679381,24576,policy_loss/node_5_business,-0.0021906688329181635
2025-09-14T04:00:41.679430,24576,value_loss/node_5_business,33.812236645817755
2025-09-14T04:00:41.679478,24576,entropy/node_5_business,1.5622954528778792
2025-09-14T04:00:41.679527,24576,approx_kl/node_5_business,0.0014353471750155223
2025-09-14T04:00:41.679563,24576,clip_fraction/node_5_business,0.012353515625
2025-09-14T04:00:41.679596,24576,total_loss/node_6_business,17.237393640726804
2025-09-14T04:00:41.679648,24576,policy_loss/node_6_business,-0.0018850037071388216
2025-09-14T04:00:41.679705,24576,value_loss/node_6_business,34.510194934904575
2025-09-14T04:00:41.679760,24576,entropy/node_6_business,1.5818777583539485
2025-09-14T04:00:41.679795,24576,approx_kl/node_6_business,0.0004191744905028827
2025-09-14T04:00:41.679829,24576,clip_fraction/node_6_business,0.001513671875
2025-09-14T04:00:41.679875,24576,total_loss/node_7_battery,18.627776140719654
2025-09-14T04:00:41.679907,24576,policy_loss/node_7_battery,-0.0012493116490077227
2025-09-14T04:00:41.679935,24576,value_loss/node_7_battery,37.28957329839468
2025-09-14T04:00:41.679963,24576,entropy/node_7_battery,1.5761231917887926
2025-09-14T04:00:41.679990,24576,approx_kl/node_7_battery,0.0008474420682887285
2025-09-14T04:00:41.680017,24576,clip_fraction/node_7_battery,0.0076171875
2025-09-14T04:00:41.680044,24576,total_loss/node_8_battery,17.760397451370956
2025-09-14T04:00:41.680070,24576,policy_loss/node_8_battery,-0.003174545511137694
2025-09-14T04:00:41.680096,24576,value_loss/node_8_battery,35.55868990570307
2025-09-14T04:00:41.680121,24576,entropy/node_8_battery,1.577289981395006
2025-09-14T04:00:41.680146,24576,approx_kl/node_8_battery,0.0017068178975023329
2025-09-14T04:00:41.680171,24576,clip_fraction/node_8_battery,0.020703125
2025-09-14T04:00:41.680196,24576,total_loss/node_9_producer,18.059298755228518
2025-09-14T04:00:41.680221,24576,policy_loss/node_9_producer,-0.001927133195567876
2025-09-14T04:00:41.680246,24576,value_loss/node_9_producer,36.15336790531874
2025-09-14T04:00:41.680270,24576,entropy/node_9_producer,1.5458023551851512
2025-09-14T04:00:41.680298,24576,approx_kl/node_9_producer,0.0007393999141186214
2025-09-14T04:00:41.680327,24576,clip_fraction/node_9_producer,0.007275390625
2025-09-14T04:00:41.680351,24576,total_loss/node_10_consumer,17.968931121379136
2025-09-14T04:00:41.680376,24576,policy_loss/node_10_consumer,-0.00120851393439807
2025-09-14T04:00:41.680400,24576,value_loss/node_10_consumer,35.971751986444
2025-09-14T04:00:41.680426,24576,entropy/node_10_consumer,1.573632088303566
2025-09-14T04:00:41.680451,24576,approx_kl/node_10_consumer,0.0005767524203747598
2025-09-14T04:00:41.680476,24576,clip_fraction/node_10_consumer,0.003369140625
2025-09-14T04:00:41.680500,24576,total_loss/node_11_business,18.670021242648364
2025-09-14T04:00:41.680524,24576,policy_loss/node_11_business,-0.0018913787847850473
2025-09-14T04:00:41.680548,24576,value_loss/node_11_business,37.374730850756166
2025-09-14T04:00:41.680572,24576,entropy/node_11_business,1.5452829651534556
2025-09-14T04:00:41.680595,24576,approx_kl/node_11_business,0.0008179970177707218
2025-09-14T04:00:41.680619,24576,clip_fraction/node_11_business,0.00673828125
2025-09-14T04:00:41.680644,24576,total_loss/node_12_battery,18.243627663701773
2025-09-14T04:00:41.680859,24576,policy_loss/node_12_battery,-0.0022042210854124277
2025-09-14T04:00:41.680885,24576,value_loss/node_12_battery,36.52333969473839
2025-09-14T04:00:41.680911,24576,entropy/node_12_battery,1.5837979789823293
2025-09-14T04:00:41.680935,24576,approx_kl/node_12_battery,0.0012792332947810792
2025-09-14T04:00:41.680960,24576,clip_fraction/node_12_battery,0.01103515625
2025-09-14T04:00:41.680985,24576,total_loss/node_13_consumer,18.60531990081072
2025-09-14T04:00:41.681009,24576,policy_loss/node_13_consumer,-0.0030184763178112916
2025-09-14T04:00:41.681033,24576,value_loss/node_13_consumer,37.24748878777027
2025-09-14T04:00:41.681058,24576,entropy/node_13_consumer,1.540598425269127
2025-09-14T04:00:41.681082,24576,approx_kl/node_13_consumer,0.0009210757640630618
2025-09-14T04:00:41.681106,24576,clip_fraction/node_13_consumer,0.006982421875
2025-09-14T04:00:41.681133,24576,episode,12
